region_lead	chr	pos	n_common	PP_H0	PP_H1	PP_H2	PP_H3	PP_H4	interpretation
rs3104361	6	32652278	6534	1.45603327537503e-06	0.000635584305548415	0.00228256821411909	0.996380741470658	0.000699649976399081	distinct_causal_variants
rs9276733	6	32766026	6519	1.51410854605355e-06	0.000660930794629048	0.00228248600957958	0.996338215366901	0.000716853720343646	distinct_causal_variants
rs1892331	20	59326926	3594	0.242755408714437	0.449787033218063	0.100300391916509	0.18581928230932	0.0213378838416711	underpowered_or_no_shared_causal
rs60949128	8	41936404	2178	0.00309845289501495	0.0813684306199169	0.0332726238241342	0.873763438459956	0.00849705420097878	distinct_causal_variants
rs703135	1	158678095	3366	0.312531755519707	0.522810935253487	0.0571577372930768	0.0956029955534602	0.011896576380269	underpowered_or_no_shared_causal
rs55862931	2	2672878	3539	0.423568222002992	0.335992137141936	0.121403288204751	0.0962794398551307	0.0227569127951902	underpowered_or_no_shared_causal
rs8019346	14	65353011	2985	0.129210550723811	0.702732678938463	0.023525945608519	0.127933099024473	0.0165977257047338	underpowered_or_no_shared_causal
rs1156822	2	41824828	4038	0.159215827653286	0.686628231725505	0.0210256140097496	0.0906317791373768	0.0424985474740833	underpowered_or_no_shared_causal
rs143477841	2	24042805	3054	0.635791936316716	0.178724229179396	0.117296618631562	0.0329374045317188	0.0352498113406067	underpowered_or_no_shared_causal
rs116944686	8	101374808	2376	0.554568708966856	0.317737962853554	0.0736309302571686	0.0421746644550065	0.0118877334674142	underpowered_or_no_shared_causal
