exposure	outcome	p_full	most_influential_SNP	p_without	p_changed_by	flips_significance
omp	sle	0.0716260589519805	rs9276733	0.364026728074332	0.2924	FALSE
ureA	itp	0.136298682127487	rs9289888	0.494691996266296	0.3584	FALSE
omp	ra	0.171758632120166	rs3104361	0.89770579661267	0.7259	FALSE
omp	ms	0.192687556079406	rs3104361	0.443589823551071	0.2509	FALSE
vacA	ms	0.223295456052925	rs372744619	0.862630696895793	0.6393	FALSE
vacA	sle	0.315703341155602	rs372744619	0.696970528917565	0.3813	FALSE
omp	afib	0.391760254110282	rs8019346	0.750458496716161	0.3587	FALSE
cagA	ms	0.405444923723348	rs3998182	0.877061614611262	0.4716	FALSE
omp	asthma	0.417572083827933	rs9276733	0.00140737127221798	-0.4162	TRUE
cagA	sle	0.436735489601922	rs3998182	0.0204799444612869	-0.4163	TRUE
cagA	ra	0.475972363205367	rs3998182	0.609678851764118	0.1337	FALSE
ureA	t2d	0.597379126732515	rs12820262	0.00276429449094269	-0.5946	TRUE
ureA	crohn	0.621372079545932	rs117994655	0.997753433728705	0.3764	FALSE
vacA	ra	0.673829865096383	rs59104649	0.330882005118819	-0.3429	FALSE
groEL	atopic	0.718152971995648	rs61680606	0.387769863427384	-0.3304	FALSE
ureA	pancan	0.729101502650318	rs12820262	0.222550579935315	-0.5066	FALSE
groEL	ra	0.741418778417041	rs3104037	0.176154227272597	-0.5653	FALSE
hpylori_general	alzheimer	0.803351625122776	rs60696037	0.438115500870474	-0.3652	FALSE
omp	t2d	0.820836625267591	rs60949128	0.276894038080372	-0.5439	FALSE
omp	atopic	0.901464318034885	rs3104361	0.0589279774888266	-0.8425	FALSE
cagA	crohn	0.943883054068648	rs138363822	0.333707146985647	-0.6102	FALSE
hpylori_general	crohn	0.983948508970564	rs17232730	0.204127736840825	-0.7798	FALSE
